A668489E-8019-41BF-AD84-00203AF80D2A,
722FFABA-26D2-4D80-9286-00401A08C62E,
B576E198-1F67-4A2C-A548-00401AB6C72F,
0C7019F6-0AA4-4B41-B67B-0049FCD24C91,
8182F2AF-1510-4DE8-8D43-00577338B8F7,
E6F4623F-E5DD-4CB3-92B4-0064D1C8D387,
744AC001-65C4-405F-B314-007D2FE97D9B,
FE45E726-AB8D-49A4-94F9-00834FE0BE14,
C395141E-E31A-4CA9-B3B6-00862211C592,
AB0FB0BD-7019-4563-BA3D-0094CAF62DF9,
875A55CF-5F0D-4ECA-A7EF-00991E1FF38D,
298ACF88-3E92-46C8-BA35-00A3A638F05F,
CAEDB7B5-0CF5-4088-BD55-00A84A72BD99,
9C8F397B-7158-4F82-9FC8-00E162720389,
FD436565-B509-4992-8EC3-00E1990E2A81,
AD1444E6-C5A8-4AC0-B881-011071D8306E,
E9B0BAB4-DD5C-43A2-B109-011D10FC2F4F,
7DB61105-6374-462C-AAC2-012EC3244F3B,
FB9FC4F2-E90F-4CDB-A390-0133483F1A58,
3D132B29-699C-4F7E-8404-01513BD9B427,
5AD24B3E-80FC-4F8E-8339-015D78D2D52B,
866ED3F5-A409-4A5A-9FF1-01675437C95F,
6DD5000F-3605-4419-AD85-0181D207B692,
24F6D0CE-E8D7-4C23-B430-01927F8C6365,
450BC4DB-536D-4B3E-89FD-019356E36C3A,
F5846A9B-BF6B-4F99-91BA-0196DBA56B3A,
5AE3941E-EBFE-459B-9D37-01999067763A,
E61F4EFB-C06F-482C-B7AA-01DC4442E5D1,
C46B412A-3995-4950-BA49-01EC5C53F366,
D6A475AF-667E-40EE-B640-01F0BCFE2D57,
13EE9C08-3C8D-44B1-9D68-01F2A6869F91,
83F0B59D-C941-4276-9A58-01F2DDC2CF2F,
1D177DE4-FEA4-40A2-AFDF-01FABFE82871,
09A7C486-6A0D-4AB8-986B-021473BC09D3,
419ED0DE-EF28-49AA-AEAE-0250F8A207E9,
B38CCD5A-ED0F-4581-8D93-025407657826,
0CEA0BBB-0E6D-42E1-9D95-02609ACB19A5,
4C185D3D-0B03-45FE-B68A-0267800E0DF3,
1B1AC0B0-3741-4C1F-9867-02741BF9DA40,
0E439071-6F47-40DF-8D0B-029BFDE39278,
7AAC90F8-3327-4AAE-848C-02A75BCD735B,
A32E8475-EA59-4B70-A967-02A88BAC9B42,
C6D69849-1C21-492C-BD7A-02B7CD7BC7B5,
08DB7278-8995-4D62-AF8B-02C9D98DF366,
984D1660-7061-4D47-B144-02EF6DFE4BD2,
6F00A2F6-3500-43DB-B182-02F58A6C87FF,
5F6283A7-3216-4E16-B6EA-030B67F5289F,
15D0E987-E841-4773-BDF8-031E70A3DAF9,
D93679B8-DCA2-4CE0-AADD-032820C757BF,
5D76168A-95D5-4D54-881C-0331D793F7D8,
5CDA36D5-EC19-48D9-9D9E-033DD3781B6C,
0B332054-8F28-4EB6-AA5C-0341DC55EAF6,
AFF926B9-323F-442E-91E2-03462D9F6CA3,
A681078D-2D83-4CCA-B419-035A9D7DAD23,
9F2C8623-0033-4495-82FB-036E192502C1,
60B87EC2-BC03-4C24-ADAF-036FF673D311,
694FF9E5-8A52-4C76-A3C0-037034FDB2DA,
CBAACF69-37B6-4536-A684-037CDA2AB33A,
70C4A6F1-E309-46C9-9E40-0388F6CC4F12,
EE77332E-2E8E-4216-AE75-038C200D7325,
F55B355F-893F-4F8C-8E64-03BBEB560AF3,
96989881-0457-408F-B550-03CBDDB5AA76,
C5599CEC-13AA-4D63-961A-03D9C6C08035,
2FB0F5DB-8603-42C1-BFB0-03F03A671797,
C33AC885-74EE-4E3D-A53F-0405B5115AAE,
74DEBCCA-5E2C-4047-A49E-04061B0DC1C2,
C1D9CFAC-27A9-4D05-97DB-04208A78E591,
60D13492-B0C4-4150-BFFD-045A0CF026F9,
C40FFB45-EBBF-42A8-8486-04601DB1272C,
F414AED9-1BF5-4717-8288-04698EF32C2C,
CCF734D2-0BBE-4571-953D-0478E16D3DF4,
6BE9F852-7949-4ACC-8C8D-047B9642FD5D,
661407FB-945F-4A35-80AD-0484076D847A,
1625B353-6F0C-4FD0-A1C4-049042AE42D9,
28763687-3C87-44D6-A340-0492A8E65276,
9AB86CF5-EF3A-457D-A0EF-04A87E3E9E09,
5180889C-21C5-42DF-A0F4-04B09AB44AD9,
0477A36A-E781-4374-AB7D-04B1EBD55095,
F15CC723-AEAE-4EBF-AC7C-04BB7FA89443,
58F3A1B5-063C-4746-A88C-04BE0345DC09,
3CA33FA2-06D6-49DF-B56F-04F33CC63B6B,
7DAC4861-8847-4330-BFA3-04FC7D9E2211,
2E955D96-4DB3-4BBC-98B9-0502161C9816,
AE846563-3F7E-4AA3-84F8-05551BAA73F3,
6613BA27-31AF-4EB2-AE5C-0567A164502E,
A4EC25F8-15ED-431C-AA50-057F85009874,
6E987D17-CD66-4950-8918-05A2E2AC1C06,
60ED51C7-4966-4E24-8A74-05A30282E70E,
F2E4E477-0FD0-4A29-9EE9-05A7CABF9DCE,
59D80BB9-9926-4865-9FE8-05AC25837CFA,
7424B8EF-911F-4734-B83D-05B58E324E8A,
5B491FC2-8D71-4CEF-A803-05DE117C8967,
D19D3257-8BF3-496A-A0DF-05E31B30A16B,
DCB95ECC-64EA-4580-9CF4-05E7679215AB,
070BDD2C-2D1B-4928-B51C-061AFA0ADC8E,
5189DEE7-1FCD-4F46-957B-061F175903BD,
3A1DB444-7201-49D3-8716-0623087E72A2,
55367D30-C6C4-4D81-BE90-0626A76A9439,
824848A7-7A8F-41D2-BBFA-0634FB8D7985,
0861C2E1-5C6D-4FF0-8DD2-06363BC4F980,
93675857-EB0C-483B-9DCF-063B7FB676CD,
26EB92B1-E6DA-429C-B6C1-063E8DC7B822,
91889115-45AE-403F-9E99-063F0BC2DB76,
BDC5CB05-5F41-4E68-8191-06504CDCA8A5,
C74430BC-C891-49E5-BBED-065FC2EB5433,
058AA329-EABB-48DC-B3B9-0665DBFDB3B7,
3911057D-4E02-4E8E-85A8-066D6B62C0BE,
0AB4A196-CD6C-46EC-9000-0682D7324B1D,
0B59E521-E995-425F-BE71-0692549551AA,
32A72249-982B-464F-AF90-0696DEAECB8C,
7DED2697-22C6-4FEF-957C-06988C9A9C64,
636120F6-A97D-4E10-BE1F-06B7BC916FCA,
62E5301F-71CD-4323-B233-06D8430D3F31,
1AE6C63F-3FA9-483C-80CF-06F6F5BF41D7,
740C54A0-5F95-419D-B888-0701885D61BC,
F432BCAE-8398-43AA-B674-07033DB49538,
9A5769CA-AB74-441D-98BD-070390D9DF96,
8BDE96AB-8617-4C95-8F38-0729DE505039,
8EBABFA1-6110-4D8B-BA32-0733B0D36F75,
28255282-B382-4515-9A2B-073F2AA14D53,
32BBBA90-E8F4-4187-9E0A-07524583EB80,
D63AF22F-C5B6-4976-81C6-075674AEDB04,
FA5686A1-F65B-45E8-8B20-076969FDADD0,
48EFCE03-7167-4DCA-ADAA-076F197C6FD3,
03E321A4-8C5E-4C1D-83F6-0795631214ED,
F01B94D3-DB6A-447C-A491-07A5F7CFFC63,
005ABCE2-CD0A-439C-9699-07BFF937D61D,
D8338D4C-4031-4A76-81EA-0807916EC24C,
584430E8-6853-4F6B-B1D6-080DE0BEE514,
410BD87D-6389-404A-8322-081923F4FCF9,
90D72C20-B070-4073-95DC-0823EE0B65DE,
D619B646-F441-472B-A309-0826D984A418,
5709226D-7EE9-4475-A8BA-082D3BF085B6,
5D3FEC0F-0705-42F3-8709-084B9F77F1CD,
FE2592AE-FDD1-425B-8378-086DA6077AE0,
AD94A1F3-E34F-40D5-A08B-089B25B70A23,
E40326BC-E729-4BFD-8D33-089DD514EDE2,
660B7F65-D2CF-42E0-9DA8-08A2D3CA1071,
6B858CC1-8E71-41F7-AB7D-08B67C7DCAE8,
6483A301-7FC5-4452-A308-08B9EE2D60DA,
DC8B9A7D-A642-4F39-814E-08BDCCCD3181,
7BBBD44F-C7A7-4F9C-9816-08D80FFA033E,
D58ED592-23B9-458E-8096-08D907983A10,
DDE08C1C-D62A-4E6C-A754-08DBDEAAD04B,
2ABE43A8-13B8-4A8C-8C0A-08DBE3A554BA,
AF2297CB-BF73-4FEA-84DA-08E90B9D7E4E,
6DA85FB6-673E-406F-AE34-093B4F2294ED,
AC7EF87F-CE9C-4391-9ED8-0950DBBEC992,
1BC6A91A-E50B-438B-BE05-09514A144810,
7307AA97-578D-4B74-ADAA-0955F2AEBDF0,
A9D8BB94-765A-4B9F-A28B-0963B5F7C690,
800EC255-0D9A-4A26-A402-0972FC2EC16B,
0B4DCEB1-0F74-4443-B137-0997474E7A3F,
E9AE4ACE-3D5F-467A-9C27-09A2A2940E76,
D1AA6278-76FD-4146-8E09-09AFCAE47655,
C936C176-EA8A-4961-BC50-09B2D4CAA3A8,
AB89BAF8-4F81-4794-A9FC-09D0AC9E4B15,
6388E201-5BBB-4917-91FB-09F6E6596F8B,
E16CA1C0-48C7-47D3-B393-0A07AAA05D1B,
7D21BEFC-F16F-4F9A-951A-0A19F1A8C4D6,
F563D914-3D8B-41C4-B770-0A1BBF09893F,
3DF87E1A-6A00-4741-AEBC-0A220847BB2A,
6C0ED54B-CB57-45E2-8F83-0A2D271C4F33,
397D5075-6F6D-46C6-A36C-0A492167E2DD,
F80C8ED6-42D6-4998-B6BF-0A5C43891EB3,
6E6F7E7A-83B8-481C-92D7-0A6EACD74344,
64D44228-D706-4E5B-AD5E-0A80D3595B77,
C7EBD7CD-3737-4957-A8AC-0A8344AFBB4F,
861E3A89-1966-490A-89CA-0A83772D9512,
54B6FD82-1600-43BC-85AA-0A845293DFD2,
192A2C94-AD0B-4612-9E30-0A9FB1287964,
48836800-D267-4A80-BD8B-0AA4117407D8,
32A87ADF-89F7-4588-BDFA-0AB70D0CE2D3,
379E4173-8532-40C2-B72B-0AC214CC2441,
BE6B678D-7152-4B0A-A756-0AC4F23A1995,
65567545-33B7-4F50-9CDD-0ACAE167339A,
26F8C20E-42E4-41E4-9783-0ACB5A9AD5FE,
BFACD600-7E2D-4663-B399-0ACC3236E5B1,
E7669011-115C-4DC8-9EE6-0B06F04AB9D6,
A014AB27-9D2E-4DD0-A50F-0B0935C3C0CB,
23684736-C942-400A-8AB6-0B0EC6087E8B,
D668B146-4A67-4225-A367-0B24F45ED4CE,
88A1E3D4-6C85-492D-8138-0B32E5E79328,
31A79481-4BF0-48C6-9481-0B33D659853E,
C95BA0D9-F754-46CD-A607-0B3A2A6648F7,
97D1FBB8-3754-4937-BE29-0B48F21A66E1,
7B734C61-50B3-4D42-A695-0B4BDCBD6C9C,
8A609862-4EF8-4CE1-B7CF-0B5731B4DBED,
2B00C10C-B7BB-4DCA-B828-0B64FA4EBC5F,
2D869438-23B5-4652-B8EB-0B6911D7369C,
03BA7DD9-78A8-44A1-B903-0B85ABFF07F4,
542E3FCC-4960-4655-9374-0B9E09A48AA1,
85047B3A-9235-4286-B1C0-0BB14E527EAC,
AF6C87AD-0544-41CB-894A-0BC8B036B82E,
63831732-6C13-4B51-94E0-0BE7C714B707,
2E6DC5DC-F489-4E74-A625-0BEC718CF453,
30F2BF93-7DDA-4847-A04A-0C0757F82518,
16241998-F303-451A-83A3-0C0D42BE9118,
440E19EF-CB28-42A6-B998-0C1186616185,
86DCA96D-1AF0-4C90-8374-0C1A6F6A4F34
